<GuiXml>
    <Controls>
        <TopLevelControl name="SmartBagsUI" mouseEnabled="true" movable="true" clampedToScreen="true">
		<Dimensions x="320" y="70" />		
			<OnMouseDown>
				SmartBags.GetMouseButtons(button)
			</OnMouseDown>
			<OnMoveStop>
				SmartBags.OnMoveStop(self)
			</OnMoveStop>
			<Controls name="$(parent)Panel" resizeToFitDescendents="true">
			    <Backdrop name="$(parent)BG" inherits="ZO_DefaultBackdrop" alpha ="0.0"/>	
				<Texture name="$(parent)CoinIcon" textureFile="SmartBags/Textures/coin.dds" verticalAlignment="CENTER">
                    <Dimensions x ="32" y="32"/>
					<Anchor point="TOPRIGHT" relativeTo="$(parent)BG" relativePoint="TOPRIGHT" offsetX="-15" offsetY="6"/>
                </Texture>
				<Label name="$(parent)ShowMoneyInfos" font="ZoFontGameBold" color="CFDCBD" wrapMode="ELLIPSIS" horizontalAlignment="RIGHT" verticalAlignment="CENTER" text="ShowInfosMoney: ">
                   <Anchor point="TOPRIGHT" relativeTo="$(parent)CoinIcon" relativePoint="TOPLEFT" offsetX="2"  offsetY="4"/>
                </Label>
				<Label name="$(parent)ShowBagsInfos" font="ZoFontGameBold" color="CFDCBD" wrapMode="ELLIPSIS" horizontalAlignment="LEFT" verticalAlignment="CENTER" text="ShowInfosBags: ">
                    <Anchor point="TOPLEFT" relativeTo="$(parent)BG" relativePoint="TOPLEFT" offsetX="35" offsetY="8"/>
                </Label>	
				<Texture name="$(parent)SmartBagsUI_Bag_ProgressBar_Bg" textureFile="ESOUI/art/miscellaneous/progressbar_frame_bg.dds" verticalAlignment="CENTER">
                    <Dimensions x ="510" y="32"/>
					<Anchor point="TOPLEFT" relativeTo="$(parent)SmartBagsUI" relativePoint="TOPLEFT" offsetY="25"/>
                </Texture>
				<Texture name="$(parent)SmartBagsUI_Bag_ProgressBar_Frame" textureFile="ESOUI/art/miscellaneous/progressbar_frame.dds" verticalAlignment="CENTER">
                    <Dimensions x ="510" y="32"/>
					<Anchor point="TOPLEFT" relativeTo="$(parent)SmartBagsUI_Bag_ProgressBar_Bg" relativePoint="TOPLEFT"/>
                </Texture>
			</Controls>
        </TopLevelControl>		
		<Texture name="SmartBagsUI_BankBagIcon" verticalAlignment="CENTER" virtual="true">
			<Dimensions x ="24" y= "24"/>
			<Anchor point="TOPLEFT" relativeTo="$(parent)BG" relativePoint="TOPLEFT" offsetX="5" offsetY="5"/>
         </Texture>
		<Texture name="SmartBagsUI_Bag_ProgressBar" textureFile="SmartBags/Textures/ProgressBar_Gloss.dds" virtual="true">
			<Anchor point="TOPLEFT" relativeTo="$(parent)SmartBagsUI_Bag_ProgressBar_Frame" relativePoint="TOPLEFT" offsetX="4" offsetY="4"/>
		</Texture>
		<Texture name="SmartBagsUI_Bag_ProgressBarRight" textureFile="SmartBags/Textures/ProgressBarRight_Gloss.dds" virtual="true">
			<Dimensions x ="11" y="11"/>
		</Texture>
    </Controls>	
</GuiXml>
