<GuiXml>
    <Controls>
        <TopLevelControl name="SmartBagsUI" mouseEnabled="true" movable="true" clampedToScreen="true">
            <Dimensions x="500" y="40" />
            <Anchor point="TOPLEFT" offsetX="10" offsetY="10" />
			<OnMoveStop>
				SmartBags.OnMoveStop(self)
			</OnMoveStop>			
            <OnUpdate>
                SmartBags.Update()
            </OnUpdate>						
			<OnMouseDown>
				SmartBags.ChangeInfosSettings(button)
			</OnMouseDown>
            <Controls>
                <Backdrop name="$(parent)BG" inherits="ZO_ThinBackdrop" alpha ="0.0"/>
                <Label name="$(parent)ShowInfos" font="ZoFontGameBold" color="CFDCBD" wrapMode="ELLIPSIS" horizontalAlignment="LEFT" verticalAlignment="CENTER" text="ShowInfosBags: ">
                    <AnchorFill />
                </Label>
			</Controls>
        </TopLevelControl>
    </Controls>
</GuiXml>